size_sqft,bedrooms,bathrooms,levels,distance_to_city_km,has_pool,basement_finished_sqft,basement_unfinished_sqft,lot_size_sqft,land_size_acres,garage_capacity,sold_quickly
2969,4,3.4,3,17.8,0,236,975,2000,0.101,2,1
2877,3,3.1,3,2.4,1,0,0,5074,0.229,2,1
1858,2,1.4,2,28.1,0,367,232,4318,0.122,2,0
2259,3,2.5,3,14.4,0,639,149,4388,0.103,2,1
2833,4,2.7,1,11.7,0,586,786,4453,0.248,2,1
2523,3,2.6,1,7.0,0,664,583,4588,0.162,1,1
4070,6,4.9,2,10.1,0,956,1476,11692,0.32,2,1
3091,4,3.9,2,17.2,0,1183,357,8842,0.219,2,1
2453,3,2.3,1,28.7,0,175,1316,5066,0.091,2,0
1926,3,1.3,1,2.9,0,318,383,3063,0.052,2,1
2441,3,2.2,1,11.3,0,855,674,5919,0.126,2,1
3039,4,3.3,1,4.1,0,740,181,7952,0.113,1,1
2539,3,2.6,2,3.5,0,0,0,5783,0.122,2,1
1448,2,1.7,1,12.6,0,211,595,2000,0.053,2,0
2628,3,2.2,2,8.5,0,0,0,5361,0.109,2,0
2849,4,3.9,1,14.3,0,591,983,6019,0.154,2,1
2296,2,1.0,2,16.9,0,1448,70,2401,0.051,1,0
2225,2,1.0,2,3.2,0,0,0,4752,0.117,1,1
2117,3,1.8,1,8.3,0,79,593,5472,0.095,1,1
1889,3,1.8,1,10.1,0,744,209,4895,0.097,1,0
3109,4,3.9,1,0.5,0,900,251,8894,0.204,1,1
2654,4,3.8,1,10.2,0,0,0,2627,0.023,2,1
3244,4,3.0,3,3.1,0,549,1052,6988,0.156,1,1
3058,4,4.0,2,10.4,0,569,1308,5124,0.087,2,1
2463,4,3.5,2,11.7,0,0,0,6651,0.207,1,0
2534,3,2.2,1,0.5,0,450,393,7108,0.151,1,1
2341,3,2.1,1,4.2,0,0,0,2007,0.072,1,0
1823,2,1.0,1,14.8,0,0,0,2929,0.039,2,0
2757,3,2.6,1,18.2,0,829,824,3566,0.071,1,0
2861,4,3.7,1,25.3,0,225,892,5528,0.122,2,0
1927,2,1.5,2,14.5,0,0,0,3746,0.023,2,0
2120,3,1.4,2,7.4,1,0,0,6852,0.075,2,0
2127,3,2.5,1,5.6,0,603,706,5243,0.053,1,0
2234,3,2.7,2,3.1,0,561,221,6576,0.185,1,1
2113,3,2.1,2,19.2,0,341,769,6144,0.167,2,0
2470,3,2.4,1,2.5,1,0,0,2830,0.051,2,0
1902,3,1.5,1,6.6,0,727,379,3906,0.02,2,1
3748,5,3.8,2,11.1,0,1044,701,9398,0.253,2,1
3271,5,4.2,1,20.9,0,0,0,9318,0.184,2,1
2413,3,2.2,1,16.3,0,0,0,6329,0.158,1,1
2543,4,3.6,1,11.0,0,78,1083,2000,0.062,2,1
1843,2,1.0,1,16.4,0,342,628,4576,0.166,2,0
2625,3,2.2,1,25.5,0,0,0,5121,0.119,1,0
2302,3,2.2,1,9.6,0,246,1029,6015,0.02,2,0
3964,5,4.7,2,20.0,0,402,1632,6523,0.181,2,1
2258,3,3.1,1,16.3,0,367,782,4694,0.065,2,0
2423,3,3.3,2,20.7,0,0,0,4215,0.02,1,0
3822,6,4.6,2,13.0,0,1404,580,10197,0.187,1,0
2431,3,2.4,2,7.2,0,966,651,6093,0.026,2,1
2729,4,2.8,1,4.7,0,969,349,4960,0.151,2,1
1483,2,1.4,2,10.6,0,436,62,2000,0.02,1,0
3374,4,3.6,2,4.9,0,72,1504,5899,0.175,1,0
2518,4,3.4,1,2.0,0,556,742,8390,0.186,1,1
2265,3,2.4,1,28.4,0,0,0,4137,0.086,2,0
2513,3,3.1,3,5.5,0,0,0,9079,0.239,2,1
2370,3,2.8,1,8.6,0,0,0,5102,0.02,2,1
1745,3,2.3,2,12.9,0,724,361,2000,0.079,1,0
3081,4,3.4,1,24.6,0,473,465,8424,0.203,2,0
3086,5,4.8,2,16.7,0,773,1260,2068,0.099,2,1
2167,3,2.7,2,21.8,0,664,429,4544,0.083,2,1
2826,4,3.2,3,13.2,1,0,0,10318,0.255,2,1
1423,3,1.5,1,12.2,1,0,0,6223,0.103,1,1
2868,4,2.8,1,13.5,0,1216,593,8587,0.228,1,0
3099,4,3.5,2,20.6,1,903,489,8119,0.225,2,0
2848,4,2.5,2,5.8,0,1479,496,8112,0.053,1,1
1755,2,1.3,1,7.9,0,0,0,2000,0.062,1,0
3578,4,3.2,1,18.5,0,0,0,8767,0.152,1,0
2037,2,1.9,1,21.8,0,0,0,4840,0.101,2,0
1717,2,1.0,2,1.8,0,129,475,6175,0.129,1,0
3076,3,1.4,3,8.6,0,728,946,9479,0.228,1,1
1509,2,1.2,1,15.5,0,428,527,2115,0.072,1,1
3655,5,4.7,2,16.2,0,0,0,4410,0.088,1,0
2427,4,3.9,1,20.3,0,0,0,4941,0.083,1,1
3019,4,2.9,1,22.1,0,396,1714,9052,0.175,1,0
1066,1,1.0,2,9.1,0,569,17,2000,0.02,1,1
2318,3,1.8,1,19.8,1,530,692,4191,0.02,1,0
2411,3,2.0,2,5.9,0,526,670,2000,0.108,1,1
1784,2,1.7,1,19.4,0,381,593,2234,0.02,2,1
1378,2,1.8,1,10.8,0,568,182,3497,0.16,2,1
2784,4,2.9,1,15.1,0,778,256,5494,0.071,2,1
2301,3,2.6,2,17.5,0,841,4,2920,0.101,1,1
2471,4,2.5,2,18.2,0,179,693,7920,0.241,1,1
2540,3,2.3,1,14.6,0,410,362,4245,0.077,2,0
2864,3,1.8,1,14.3,0,1231,755,2000,0.042,2,1
3591,5,4.0,1,3.2,0,1057,870,11075,0.264,2,1
2741,4,2.8,1,15.2,0,479,1426,7619,0.183,2,1
1609,3,2.7,2,7.5,0,312,364,3843,0.051,1,0
643,1,1.0,3,8.6,0,88,151,2000,0.02,1,1
2401,3,2.1,1,14.9,0,598,576,2681,0.074,1,1
2678,3,2.6,2,23.1,1,589,1012,5606,0.148,2,0
2833,4,3.5,2,18.9,0,651,942,5968,0.103,1,1
3653,6,5.0,1,11.5,0,1382,431,4433,0.162,2,0
2038,3,3.5,2,10.7,0,88,1053,2080,0.02,1,0
2728,4,3.0,1,7.0,0,286,560,6425,0.186,1,1
1720,3,2.4,2,12.4,0,484,191,2000,0.083,1,1
2806,4,3.2,1,0.5,0,292,574,7818,0.097,2,1
1967,2,1.2,1,11.1,0,419,692,3161,0.113,2,1
1795,3,2.5,1,7.5,0,493,328,5871,0.02,2,1
1532,2,1.3,2,10.8,0,410,293,2000,0.059,1,1
1692,3,2.0,2,1.4,0,529,410,4735,0.07,1,1
2054,3,2.5,1,9.1,0,0,0,4597,0.111,1,1
2855,4,4.0,1,22.5,0,0,0,9093,0.268,1,1
2006,2,1.9,1,13.3,0,850,445,2710,0.09,2,1
1836,2,1.5,3,4.2,0,0,0,7831,0.208,1,0
1944,3,2.0,1,8.8,0,774,567,6778,0.205,2,1
2928,4,3.5,1,12.9,0,735,652,4519,0.08,2,1
2799,4,3.9,2,0.5,0,1366,198,4435,0.129,1,1
2296,3,3.0,1,28.5,0,0,0,5316,0.129,1,0
3440,5,4.6,1,13.8,0,0,0,8406,0.169,2,1
2394,3,2.2,2,13.8,0,198,820,2846,0.081,2,1
2354,3,2.3,1,17.5,0,958,322,2259,0.02,2,0
2559,3,2.8,1,15.9,0,588,299,2000,0.075,1,0
1734,2,1.7,1,22.1,0,0,0,6526,0.082,2,0
3406,4,2.5,1,23.9,0,524,915,6771,0.224,2,0
2455,3,2.7,1,6.3,0,1074,162,2000,0.028,2,1
2743,3,2.8,2,0.5,0,1672,241,4926,0.136,2,1
2516,3,2.0,1,0.5,0,0,0,6668,0.131,2,1
2098,3,2.0,1,27.4,0,0,0,5001,0.077,1,0
1472,1,1.0,2,4.5,0,609,153,6730,0.15,2,0
4455,6,5.0,1,22.5,0,0,0,9315,0.292,2,0
2638,5,3.7,2,4.5,0,812,1017,4679,0.109,1,1
1535,2,1.6,1,21.1,0,536,535,3653,0.042,2,0
2732,3,2.0,2,21.0,0,938,890,8514,0.107,2,0
2616,3,2.4,2,13.6,0,255,1040,6550,0.154,1,1
3061,5,4.2,1,7.5,0,387,1626,5869,0.141,2,1
4357,6,5.0,1,20.1,0,525,1131,6610,0.11,2,1
2818,3,1.9,1,8.1,0,585,1212,5338,0.151,1,1
2482,3,2.5,1,22.9,0,558,800,2351,0.064,2,0
2457,4,3.6,2,7.9,0,0,0,5753,0.136,1,1
2064,3,2.8,1,21.7,0,526,373,4948,0.13,2,1
3020,4,4.4,2,7.2,0,1198,163,4057,0.033,2,1
1635,2,1.0,1,6.8,0,504,470,2000,0.058,1,1
3283,4,3.6,1,16.9,1,245,1287,8232,0.187,1,1
3719,5,4.0,1,12.1,0,0,0,7352,0.224,2,1
4688,6,4.4,1,16.5,0,0,0,10464,0.211,1,0
2006,2,1.8,3,31.5,0,265,345,2824,0.097,1,0
2465,3,3.1,2,5.5,0,847,854,3328,0.076,2,1
1605,2,1.2,1,9.6,0,0,0,2616,0.108,2,1
2721,3,2.5,2,13.0,0,599,490,3086,0.195,1,0
2301,3,2.4,1,4.6,0,0,0,3448,0.095,2,1
1392,2,1.6,3,0.5,0,757,36,4683,0.079,2,1
2314,3,2.8,3,5.6,0,236,738,3354,0.086,2,0
3472,5,4.6,1,17.2,0,0,0,10087,0.257,2,1
2001,3,2.6,1,7.0,0,371,789,5896,0.109,2,1
2548,3,3.0,2,7.1,0,743,425,6873,0.145,1,0
2857,4,3.3,1,15.4,0,248,1520,6401,0.129,2,0
3018,4,3.9,1,4.9,0,955,690,4613,0.18,2,1
865,1,1.0,1,18.4,0,114,479,2000,0.049,1,0
2850,4,4.2,2,25.5,0,397,589,3419,0.102,2,0
3132,4,3.8,1,14.0,0,903,266,6671,0.101,2,1
1625,2,1.2,2,15.1,0,501,440,8052,0.121,1,1
2790,4,2.3,1,7.0,1,864,352,6530,0.087,2,1
2955,3,2.4,1,14.0,0,942,1058,8913,0.216,2,0
2394,3,1.8,2,15.4,0,1118,409,4488,0.063,2,0
3119,4,3.5,1,3.1,0,0,0,5081,0.073,2,1
1923,2,2.1,1,5.3,0,612,733,5441,0.154,1,0
2929,4,3.5,1,6.3,0,1614,352,4872,0.161,1,1
3658,5,4.3,2,13.5,0,472,946,6734,0.122,1,1
2608,4,3.6,1,8.3,0,0,0,5410,0.02,2,1
2734,3,2.5,3,13.4,0,672,558,3319,0.02,2,0
2674,3,1.2,1,8.6,0,0,0,5858,0.048,2,0
2957,4,3.5,3,19.7,0,830,259,5636,0.208,1,1
2301,3,2.7,1,10.7,0,944,450,2000,0.031,2,0
1328,2,1.3,3,4.9,0,307,450,2743,0.02,2,0
2608,3,2.9,2,23.4,0,537,1083,6643,0.238,2,1
2823,4,3.3,1,26.5,0,795,103,4029,0.025,1,1
2482,3,2.8,1,17.4,0,907,208,9589,0.228,2,0
3067,5,5.0,1,15.2,0,1034,661,3597,0.041,2,0
3089,4,3.4,1,11.8,0,1036,764,4436,0.028,1,1
2247,3,1.4,2,15.1,0,0,0,5666,0.08,2,1
2903,4,3.2,2,4.5,1,508,1050,5929,0.194,1,1
1274,2,1.0,1,3.9,0,61,381,2000,0.036,2,1
3703,5,4.7,1,16.1,0,0,0,8827,0.244,2,1
2716,4,4.1,2,3.7,0,241,802,3108,0.041,2,0
3485,5,4.7,1,24.7,0,0,0,8483,0.158,1,1
1941,2,1.6,2,6.5,0,534,370,6334,0.124,2,1
1674,2,1.1,2,15.8,0,469,377,4650,0.159,2,1
2295,2,2.2,1,3.3,0,0,0,4976,0.084,1,1
2030,3,2.8,2,11.9,0,0,0,2749,0.02,1,1
2372,3,2.5,2,14.9,0,0,0,2868,0.02,2,0
2423,3,2.5,1,9.0,0,442,1154,6354,0.118,2,0
1394,2,1.5,2,7.6,0,0,0,4328,0.027,1,0
1726,2,1.6,1,10.1,0,832,375,2295,0.158,1,1
2841,4,3.1,1,21.1,0,0,0,6082,0.153,2,0
2367,3,3.2,1,19.1,1,577,413,8832,0.128,1,0
3036,4,3.5,1,19.7,0,0,0,5278,0.149,1,0
1519,1,1.0,1,19.3,1,234,391,3899,0.056,2,1
2386,3,2.2,1,22.6,0,171,839,5533,0.128,2,0
3664,5,4.6,2,17.7,0,461,918,8677,0.14,1,0
2749,3,1.3,3,0.5,0,0,0,8995,0.196,1,0
1224,2,1.0,3,16.5,0,606,236,4952,0.128,2,0
2821,4,3.4,1,15.2,0,652,778,3956,0.076,1,0
2311,3,1.7,1,10.5,0,675,862,5069,0.161,1,1
2433,4,4.6,2,1.7,0,0,0,2000,0.097,1,1
1123,1,1.0,1,7.2,0,227,309,2000,0.122,1,1
2193,4,3.6,1,9.7,0,242,751,2000,0.02,1,0
1311,1,1.2,1,18.1,0,0,0,2000,0.058,1,0
2456,4,3.6,2,17.0,0,537,414,5547,0.205,1,0
1924,3,2.2,1,3.9,0,437,185,8254,0.163,2,1
1857,2,1.1,1,16.3,0,406,337,4668,0.166,1,1
1799,3,2.7,2,0.5,0,662,398,7132,0.172,1,1
2316,2,1.0,2,9.0,0,1098,170,2000,0.02,2,0
2934,4,3.3,2,11.9,0,1044,565,3511,0.054,2,1
4070,6,5.0,1,17.2,0,1288,635,6537,0.162,1,0
3260,4,3.2,3,10.2,0,868,938,5058,0.088,1,1
2276,3,2.4,1,15.9,0,209,1108,6520,0.205,2,0
1772,2,1.2,1,14.1,0,41,710,2000,0.081,1,0
2853,4,2.9,2,15.4,0,1655,198,3828,0.069,2,0
2749,4,4.0,1,16.6,0,1234,377,4095,0.027,2,1
1211,1,1.1,1,10.0,0,361,214,2000,0.051,1,0
3057,4,3.2,1,18.2,0,0,0,5220,0.213,1,0
1918,3,2.3,3,22.9,0,0,0,4635,0.161,2,0
2035,3,2.3,1,10.9,0,603,353,3545,0.132,1,0
2702,4,3.7,1,0.5,0,139,1516,5439,0.164,2,1
2291,3,1.9,1,16.6,0,311,1246,4943,0.202,2,0
2403,3,2.4,1,12.2,0,531,1104,3773,0.1,1,0
2346,2,1.5,1,15.4,1,0,0,3827,0.184,2,1
2382,3,2.7,1,6.4,0,271,485,4281,0.109,1,0
2847,4,2.0,2,8.8,0,0,0,5907,0.121,1,0
1485,2,1.6,2,12.4,0,0,0,2000,0.123,2,1
2595,3,2.6,1,10.8,0,0,0,2752,0.067,1,0
4096,6,5.0,1,11.6,0,1495,1154,8843,0.221,1,1
1802,2,1.1,2,8.6,0,0,0,2000,0.061,2,1
3499,5,4.1,2,11.1,0,1390,148,5565,0.162,1,0
3665,5,5.0,1,16.8,0,461,1138,6371,0.151,2,1
1843,2,1.0,3,15.8,0,522,194,2000,0.02,1,0
2412,3,3.2,2,3.2,0,1131,203,3154,0.109,1,1
2301,3,3.7,1,13.5,0,226,929,5715,0.146,2,0
2328,3,2.6,1,6.9,0,0,0,8120,0.171,1,0
1214,1,1.0,2,14.6,0,209,166,2000,0.02,1,1
1122,2,1.0,2,20.3,0,271,498,2000,0.08,2,0
1689,2,1.1,1,17.7,0,0,0,3537,0.035,2,0
1994,2,1.9,3,7.4,0,153,530,4180,0.067,1,0
2755,4,3.6,1,12.7,0,0,0,2186,0.02,2,1
2872,5,4.3,1,14.7,1,244,1109,5934,0.121,1,1
684,1,1.0,1,15.2,1,0,0,2000,0.093,2,0
2322,3,2.7,2,6.0,0,279,605,5653,0.13,1,0
3883,6,5.0,1,15.7,1,313,2125,5423,0.072,2,1
2340,3,2.4,1,14.2,0,260,752,4570,0.188,2,1
2894,4,3.4,3,5.3,0,668,364,4033,0.119,2,0
959,1,1.0,1,14.5,0,0,0,2480,0.02,2,0
2025,3,2.6,2,8.9,0,524,423,7402,0.186,1,1
4158,6,5.0,1,5.7,0,0,0,9929,0.215,1,0
2320,3,3.3,1,9.2,0,1142,333,3695,0.02,1,1
1662,2,1.0,2,5.3,0,0,0,3838,0.114,1,0
2561,3,2.7,1,7.0,0,421,1299,5489,0.096,1,1
3560,5,4.7,2,22.4,0,670,1286,4482,0.188,1,0
2121,3,2.2,1,2.9,0,852,421,8526,0.258,2,1
2792,4,2.9,2,17.5,0,630,607,6749,0.105,2,0
2881,4,2.7,1,15.3,0,466,753,7731,0.105,2,0
1736,2,1.2,1,22.7,0,0,0,2000,0.025,2,0
2700,3,2.6,3,26.0,0,0,0,2928,0.107,2,0
3406,4,3.3,1,11.0,0,1067,389,5775,0.166,2,0
2159,3,2.1,1,14.2,0,71,1028,4514,0.187,2,0
1394,2,1.0,1,12.5,1,291,138,2438,0.063,1,0
3337,5,4.6,1,4.3,0,1633,667,4603,0.034,1,1
3026,4,3.9,1,8.9,0,0,0,7547,0.156,2,0
3749,5,3.9,1,31.4,1,864,903,6314,0.082,1,0
977,1,1.0,1,15.0,0,0,0,4784,0.161,2,1
2025,3,1.5,2,1.1,1,844,0,3662,0.11,2,0
2414,3,2.1,1,16.4,0,739,949,4111,0.065,2,0
1887,2,1.8,1,19.4,0,135,517,3424,0.074,2,0
4410,6,4.8,1,17.0,0,655,1174,8610,0.266,2,1
1508,2,1.1,3,1.8,0,358,413,3595,0.15,2,1
2398,3,3.1,2,13.9,0,492,305,2483,0.047,1,1
1210,2,1.0,3,0.6,0,396,251,6140,0.12,2,1
1668,2,1.0,3,10.3,0,575,431,4874,0.162,2,1
1915,2,1.7,1,0.5,0,0,0,6497,0.117,1,1
2745,3,3.4,2,0.5,0,750,697,3063,0.026,2,1
2990,4,3.3,1,14.3,1,556,501,6793,0.168,2,1
2227,3,2.8,2,19.7,0,15,796,6343,0.139,1,0
1878,3,3.1,3,11.2,0,621,232,6721,0.131,2,1
1168,1,1.0,2,16.8,0,175,488,2000,0.132,2,0
2489,3,2.3,2,25.2,0,0,0,3194,0.067,2,0
2604,3,2.0,2,4.9,0,959,480,4511,0.091,2,1
1772,2,1.0,1,16.4,0,181,512,4261,0.081,1,1
2013,3,3.0,3,20.8,0,0,0,2000,0.053,2,1
2466,3,2.5,1,13.3,0,175,979,7383,0.156,2,1
3406,4,4.1,1,14.8,0,0,0,4798,0.112,1,0
1021,1,1.0,1,15.5,0,0,0,2000,0.02,2,0
3259,5,4.1,2,8.9,0,1069,107,6825,0.099,1,0
1001,1,1.0,1,20.8,0,598,72,2000,0.122,2,0
1696,2,1.6,2,3.1,0,374,571,3513,0.133,2,0
2742,4,3.1,1,9.2,0,1191,556,5198,0.177,2,0
1311,1,1.0,1,12.9,0,281,349,5412,0.118,1,1
3029,4,3.0,2,18.6,0,0,0,7391,0.109,2,0
3999,6,5.0,3,4.3,0,882,976,7795,0.227,2,1
3494,5,4.3,1,18.5,0,596,888,4293,0.142,2,1
2438,4,3.9,2,11.2,0,365,545,3967,0.05,1,1
3596,5,4.6,3,19.1,0,2311,90,6258,0.282,1,1
1881,3,3.0,1,27.2,0,0,0,2000,0.075,2,0
3416,5,3.8,1,18.6,0,986,1154,8394,0.234,2,1
2161,3,1.9,1,14.3,0,0,0,2000,0.02,1,0
3639,5,4.4,1,14.5,0,1707,676,4491,0.207,1,1
1566,2,2.5,1,16.5,0,299,309,2000,0.054,1,0
3485,5,4.7,1,16.3,0,72,1026,4669,0.136,2,1
3348,4,2.9,1,6.1,0,0,0,5896,0.131,1,1
2429,4,3.4,2,13.7,0,1045,176,2000,0.069,2,1
1733,2,1.5,2,15.9,0,472,249,2725,0.02,1,0
2559,3,2.1,2,5.4,0,282,1296,4549,0.148,1,0
911,1,1.0,1,11.2,0,118,268,2569,0.082,1,0
2906,4,3.3,1,2.3,0,1501,39,6338,0.067,1,1
691,1,1.0,1,0.5,0,166,250,2000,0.102,1,0
1217,2,2.0,2,10.6,0,0,0,3111,0.071,2,0
1916,2,1.0,2,9.7,0,346,324,3288,0.151,1,0
3401,5,3.9,2,22.7,0,0,0,9533,0.182,1,0
1906,3,2.0,1,2.0,0,271,590,2337,0.02,2,0
2157,3,2.0,3,16.2,0,901,600,3180,0.086,2,0
2481,3,2.0,2,13.3,0,987,715,4963,0.137,1,0
1865,2,1.6,1,19.5,0,391,872,2203,0.148,1,1
2614,3,2.9,1,9.0,0,1000,699,7798,0.148,2,1
2748,4,3.9,2,16.2,0,770,393,6746,0.178,2,1
2111,3,1.9,2,5.1,0,81,1195,5608,0.182,1,1
2399,3,2.3,1,15.1,0,714,860,5854,0.146,1,0
2600,3,2.6,2,13.0,0,0,0,6638,0.164,2,1
3387,5,4.5,2,8.6,0,928,1296,5362,0.056,1,0
2587,3,3.1,2,20.0,0,684,728,6175,0.19,2,0
3399,5,4.1,1,12.9,0,463,1505,4644,0.105,1,0
2911,3,2.5,1,16.9,0,0,0,3937,0.206,2,0
1784,3,2.2,2,22.9,0,0,0,4322,0.161,1,0
1560,1,1.0,1,21.2,0,603,386,3024,0.045,2,0
1850,3,1.9,1,19.5,1,0,0,4206,0.067,1,0
3866,5,3.9,1,10.6,0,702,1308,6585,0.087,2,0
1725,2,1.0,2,14.4,0,308,419,2000,0.045,2,0
1563,2,1.1,1,15.9,0,175,788,2410,0.107,2,0
2027,3,3.2,1,18.0,0,0,0,4174,0.121,1,0
2021,3,3.0,3,16.1,0,0,0,3363,0.14,1,1
3704,5,4.3,1,8.1,0,0,1813,9065,0.178,2,1
1238,1,1.0,1,10.3,0,188,388,2000,0.103,2,1
3443,5,3.6,1,10.6,0,520,1551,3685,0.082,2,1
2892,4,3.3,3,9.4,0,1297,13,6643,0.216,1,0
3238,5,4.5,1,17.4,0,0,0,8802,0.127,1,0
2860,4,4.0,2,0.5,0,678,540,6638,0.118,1,1
3165,4,3.6,1,7.7,0,921,960,8033,0.15,1,1
2027,3,2.6,1,9.8,0,560,368,2370,0.094,1,1
2456,3,2.5,1,20.8,0,0,0,5577,0.049,2,0
2161,3,2.5,1,5.1,0,776,316,5482,0.12,2,1
2441,4,2.7,2,15.6,0,684,977,4781,0.167,2,0
2618,3,2.2,2,12.8,0,436,494,2743,0.099,1,1
1287,2,2.1,1,7.4,0,524,314,2795,0.066,2,0
3360,5,4.8,1,26.5,0,500,1654,9461,0.293,2,0
3820,5,4.6,1,17.0,0,0,0,6650,0.174,2,1
2063,3,2.4,3,8.5,0,466,704,8400,0.207,2,1
3182,4,3.7,1,20.3,0,828,1240,6002,0.124,2,1
2165,3,1.9,1,12.3,0,705,257,5065,0.207,2,0
1671,2,1.0,3,3.7,0,0,0,2000,0.126,1,0
2865,3,2.2,3,0.5,0,0,0,2000,0.064,2,1
2640,3,2.7,1,16.6,0,0,0,7099,0.182,1,1
3525,5,4.5,1,14.9,0,0,0,8264,0.2,2,1
2703,4,3.9,1,5.8,0,0,0,2000,0.049,1,1
2908,4,3.6,1,1.6,0,245,807,5359,0.116,2,1
3994,5,4.4,3,6.8,0,643,1489,7166,0.191,1,0
2951,3,3.1,1,8.4,0,1055,790,7675,0.14,2,1
1514,2,2.0,1,15.2,0,330,601,4430,0.063,2,0
2133,2,1.4,1,13.9,0,0,0,2336,0.02,2,0
1826,3,1.8,2,9.1,0,0,0,5598,0.173,2,0
1876,2,1.0,1,0.5,1,376,320,3675,0.02,2,0
1812,2,1.3,1,3.4,0,658,292,3830,0.175,2,1
3212,4,3.2,1,23.2,0,127,1960,7337,0.139,2,0
2050,3,3.2,2,8.9,0,276,793,5822,0.073,1,1
2343,3,1.6,2,20.7,0,503,301,2000,0.044,1,0
1141,2,1.4,1,18.4,0,262,389,2000,0.02,2,0
2710,4,2.9,1,0.5,0,588,1303,2680,0.03,2,1
1694,2,1.5,2,17.4,0,0,0,4488,0.08,2,1
2358,3,2.6,1,4.7,0,0,0,9219,0.207,2,1
3737,4,3.2,1,5.5,0,1136,707,5255,0.02,1,1
2147,3,2.7,1,17.6,0,385,693,2630,0.081,1,0
2306,3,2.3,1,8.2,1,350,901,6057,0.108,2,1
1954,3,2.3,3,1.2,0,585,104,6232,0.046,1,0
2334,4,3.2,3,3.9,0,0,0,5715,0.136,2,1
3769,5,4.7,3,9.2,0,968,1396,8167,0.28,2,1
2571,3,2.5,2,16.7,0,169,1117,2236,0.02,2,1
1287,2,2.2,1,1.6,1,78,415,2000,0.036,2,1
2393,4,4.0,1,12.2,0,0,0,4631,0.111,1,1
2709,4,3.7,2,23.5,0,1059,289,8899,0.271,1,1
2200,2,1.0,1,2.7,0,286,983,4167,0.042,2,1
2453,4,2.7,1,8.3,0,351,563,4685,0.158,2,1
2504,3,2.9,1,8.6,0,0,0,4574,0.068,2,0
2939,4,3.2,1,5.3,0,0,0,3736,0.126,2,1
1609,2,1.5,1,17.7,0,192,339,7272,0.221,1,0
2118,3,2.1,2,11.2,0,745,398,2569,0.039,2,1
3573,5,4.7,2,11.4,0,964,1304,5279,0.059,2,1
2806,4,3.9,1,22.3,0,785,889,6273,0.159,1,0
2780,4,2.8,2,13.9,0,1710,55,3766,0.093,2,1
2837,4,3.0,1,11.5,0,1318,33,6501,0.09,2,1
2033,2,1.0,3,11.5,0,0,0,6908,0.177,1,1
2363,3,2.5,2,6.5,0,0,0,2328,0.05,1,1
2920,4,2.6,2,20.5,0,591,1013,5121,0.115,1,0
3314,4,3.2,1,8.8,0,0,0,5627,0.134,1,1
1019,1,1.0,2,12.2,0,298,37,2605,0.059,1,1
2129,2,2.4,2,0.5,0,57,688,5826,0.106,2,1
2097,3,2.6,3,16.5,0,1078,314,2162,0.08,1,0
3659,5,5.0,2,21.9,0,490,732,7400,0.117,2,0
2203,3,2.5,1,20.7,1,1075,97,3288,0.173,1,1
2279,3,2.6,2,4.7,0,0,0,5202,0.02,1,0
2107,3,2.3,1,16.2,1,0,0,2256,0.092,2,1
1611,2,1.2,1,12.4,0,270,374,2962,0.111,2,1
2089,3,3.0,1,7.7,0,552,558,5619,0.114,2,1
1820,2,1.6,1,15.7,0,0,0,3538,0.022,2,0
2652,4,3.6,1,16.7,0,289,1302,6723,0.158,1,1
2460,3,2.1,2,15.1,0,932,617,4555,0.056,1,1
3004,3,2.2,2,15.5,0,641,357,7685,0.16,2,0
3033,5,5.0,3,11.3,0,448,927,3871,0.044,2,1
1588,3,2.4,1,23.6,0,0,0,2000,0.095,2,0
3203,5,5.0,1,6.1,0,894,727,9747,0.22,2,1
1322,1,1.0,2,14.8,0,0,0,2779,0.122,2,0
2686,4,3.8,2,2.6,0,852,613,8633,0.196,2,1
2473,3,2.5,2,11.3,0,632,627,7712,0.089,2,1
2584,3,2.2,2,13.8,1,0,0,5737,0.14,2,1
1024,1,1.0,1,13.2,0,390,201,2000,0.116,2,1
1365,1,1.0,1,16.8,0,185,402,4052,0.087,2,0
1619,3,2.7,1,6.4,0,195,487,2000,0.02,2,0
3750,5,4.8,2,6.3,0,719,674,6295,0.128,1,1
3139,4,3.5,1,3.1,0,999,141,4420,0.045,2,1
2270,3,3.1,2,6.2,0,241,458,4007,0.139,2,1
3201,4,3.4,2,7.2,1,661,1539,6050,0.082,2,1
2132,2,1.3,1,6.0,0,0,0,2940,0.02,2,0
2279,2,1.6,2,2.4,0,0,0,2000,0.043,1,0
2882,3,2.8,2,14.3,0,154,1323,5516,0.19,1,1
3516,5,4.7,1,10.1,0,0,0,4320,0.051,2,1
2257,3,2.3,1,13.0,0,0,0,5551,0.116,1,1
2276,3,1.9,1,9.2,0,884,352,3062,0.047,2,0
2697,5,4.7,1,27.1,0,250,1131,2000,0.028,2,0
3109,4,3.0,2,0.5,0,0,0,3705,0.02,1,1
3004,3,2.0,3,7.8,0,0,0,6036,0.07,2,1
4269,6,5.0,1,1.4,0,959,728,9293,0.172,2,1
3673,6,5.0,1,16.9,0,525,1003,7919,0.196,2,1
2001,3,2.0,1,7.6,0,1088,141,2000,0.02,1,0
2618,4,2.8,2,13.9,0,0,0,7071,0.084,1,0
2797,3,2.1,2,3.3,0,0,0,7720,0.16,2,1
2450,3,2.3,2,12.2,0,990,665,6612,0.167,2,0
1891,2,1.6,2,10.9,1,510,727,5384,0.202,1,0
2406,3,2.4,1,8.2,0,901,257,5073,0.133,1,1
1966,3,1.9,1,33.3,0,0,0,5196,0.07,2,0
2016,3,2.5,1,14.0,1,954,214,6867,0.158,1,1
1904,2,1.6,1,0.5,0,506,149,4125,0.08,1,0
3525,5,4.2,3,27.2,0,0,0,6597,0.08,1,0
1142,2,1.0,3,10.8,0,259,121,2000,0.048,2,0
3135,4,3.0,2,4.1,0,522,1257,3647,0.154,1,1
2725,3,2.1,3,7.0,0,692,459,8947,0.27,1,1
2301,3,3.5,3,18.6,0,534,981,5260,0.02,1,1
2205,3,2.0,3,19.5,0,0,0,7846,0.171,2,0
3909,5,4.5,1,15.3,0,594,891,9479,0.196,1,0
2241,3,2.0,1,6.9,0,279,1258,5884,0.121,1,1
915,1,1.0,1,16.8,0,11,501,5261,0.125,2,0
3038,5,4.0,2,13.9,0,0,0,6183,0.076,1,1
3352,5,4.8,1,13.2,0,413,1195,5851,0.12,1,1
2860,3,2.6,3,12.6,0,709,1031,3516,0.068,2,1
2649,3,2.3,2,10.2,0,589,902,3675,0.174,1,0
1735,2,1.7,2,13.1,0,439,677,2000,0.02,1,1
1698,2,1.8,2,8.3,0,407,277,2942,0.071,2,0
3196,4,3.0,1,16.6,0,944,1197,3343,0.02,1,1
2330,3,2.7,2,13.7,0,638,658,2000,0.112,2,0
2520,4,3.0,1,25.6,0,709,192,2000,0.026,2,0
3543,5,4.8,1,3.6,0,0,0,5754,0.142,2,1
1752,2,1.8,1,20.7,0,555,665,3017,0.053,2,1
1103,1,1.0,1,5.7,0,164,324,2000,0.02,2,1
1177,1,1.0,1,8.0,0,453,93,2000,0.057,1,1
2692,4,3.1,3,11.3,0,0,0,8392,0.208,1,1
3546,5,4.3,1,22.9,1,0,0,9745,0.176,2,1
1819,3,2.8,1,5.9,0,0,0,3934,0.096,1,1
2023,3,2.1,1,19.3,0,699,506,3060,0.063,2,1
2226,3,2.4,2,19.0,0,578,170,2416,0.134,1,1
3680,5,3.5,1,20.5,0,0,0,7057,0.208,2,0
2810,4,3.5,2,7.7,0,0,0,5438,0.165,2,1
1832,2,1.0,1,17.8,0,231,762,5441,0.136,1,0
3206,4,2.7,2,12.2,0,389,1739,7427,0.175,1,1
2426,2,1.7,1,15.4,0,504,812,5070,0.089,2,0
1612,2,1.5,2,9.1,0,462,239,3116,0.024,2,1
2706,4,3.2,2,0.5,0,661,1046,3641,0.133,2,1
1711,2,1.2,3,13.4,0,811,0,2000,0.02,2,1
2959,4,4.5,1,17.6,0,534,929,7218,0.16,1,1
2463,3,2.3,1,18.5,0,658,488,3593,0.02,1,0
2543,3,2.3,2,14.6,0,635,899,6901,0.143,1,0
4015,6,5.0,2,9.5,0,1006,1606,7390,0.145,1,1
1318,1,1.0,1,6.8,0,0,0,2269,0.083,2,0
2924,4,3.9,2,17.8,0,696,696,4317,0.04,1,0
1468,1,1.0,1,18.4,0,545,244,5465,0.02,1,0
2816,4,3.8,2,11.7,0,711,375,5854,0.153,2,1
1742,2,1.6,1,13.8,0,370,273,2000,0.095,1,0
1781,2,1.7,1,13.3,0,668,225,2525,0.028,2,0
3239,4,3.4,1,8.5,0,0,0,3430,0.082,1,1
2898,4,3.5,2,18.2,0,0,0,5746,0.119,2,1
2589,4,3.3,1,22.3,0,298,496,2397,0.036,2,1
1191,2,1.7,2,0.5,0,275,175,2000,0.076,2,1
2610,3,1.7,1,15.7,0,0,0,9274,0.238,1,0
2492,3,2.8,1,14.9,0,0,0,9203,0.246,1,1
2798,3,2.9,2,10.9,0,774,150,5522,0.126,1,0
2927,4,3.8,2,5.2,0,1627,154,8224,0.197,2,1
1725,2,1.3,1,24.2,1,269,871,2377,0.056,1,0
2953,4,3.7,1,10.8,0,0,0,4691,0.125,2,1
3939,6,5.0,1,24.2,0,535,1048,8993,0.198,2,0
3288,5,4.8,1,18.2,0,464,738,8029,0.116,1,1
1831,2,1.0,3,12.4,0,0,0,3448,0.086,2,0
1454,1,1.0,2,10.8,0,259,239,5486,0.14,1,1
4281,6,5.0,2,13.3,1,276,1421,11477,0.273,1,1
3355,5,4.6,1,15.7,0,1399,143,8664,0.256,1,1
3627,5,4.2,2,13.3,0,872,457,7210,0.198,1,1
2352,3,2.8,3,9.2,0,0,0,8123,0.229,1,1
2730,4,2.5,2,19.7,0,313,576,8109,0.129,1,0
1333,2,1.8,2,23.6,0,616,65,2000,0.078,1,1
2050,3,2.5,1,11.9,0,177,523,4581,0.097,2,1
3858,5,4.9,1,13.1,0,923,1628,8169,0.14,1,1
1776,2,1.5,1,17.3,0,0,0,2000,0.098,1,0
3317,5,5.0,2,9.6,0,449,716,5738,0.06,1,1
2322,3,1.9,2,0.5,0,318,846,5038,0.035,1,1
2483,3,2.7,1,13.1,0,400,523,6220,0.129,2,0
2137,3,2.0,3,19.5,0,530,673,6484,0.285,2,0
3270,5,4.3,2,2.9,0,864,381,7391,0.178,2,1
1767,3,2.8,2,0.5,0,0,0,2000,0.094,2,1
3226,4,3.7,1,16.2,0,469,544,6150,0.148,1,0
3676,5,5.0,1,5.0,0,1017,108,11009,0.211,1,1
3700,5,4.2,1,2.2,0,1704,760,10334,0.279,1,1
2468,3,3.0,1,3.7,0,0,0,4293,0.04,2,1
1691,3,2.3,1,14.3,0,0,0,3181,0.099,1,0
2332,3,2.0,2,21.1,0,805,79,6065,0.033,2,0
2434,3,1.6,2,2.4,0,351,818,2981,0.02,1,0
3521,5,4.5,1,13.5,0,1568,304,7244,0.248,2,0
1594,3,2.1,1,14.1,1,735,373,5240,0.202,2,1
2262,3,2.8,1,13.5,0,964,519,2508,0.02,2,0
2822,4,3.1,2,16.4,0,0,0,8371,0.229,2,1
2611,3,2.2,3,11.8,0,757,509,5087,0.165,2,1
4068,6,5.0,1,2.0,0,1579,625,7062,0.19,1,1
1543,2,2.3,1,13.7,0,568,247,2000,0.043,1,0
1543,2,1.0,1,19.3,1,465,31,3831,0.02,2,0
2516,3,2.9,2,10.2,0,0,0,5698,0.214,2,1
1901,2,1.8,2,6.2,0,217,915,2000,0.02,1,1
2235,3,2.3,3,17.6,0,113,960,2000,0.093,2,0
2780,4,3.7,3,8.3,0,0,0,4713,0.162,2,0
1609,3,2.3,1,10.2,0,0,0,2000,0.029,1,1
487,1,1.6,1,17.8,0,0,0,2000,0.061,2,0
3849,6,5.0,1,16.0,0,618,1189,7645,0.184,2,0
2856,4,3.4,1,28.6,0,756,250,5068,0.071,2,0
1462,2,1.2,1,9.2,0,18,536,2000,0.044,2,0
2445,4,2.6,2,20.0,0,0,1702,2807,0.084,1,1
2288,3,2.3,1,5.9,0,762,460,5187,0.192,2,1
1693,2,1.5,1,26.8,0,844,162,3693,0.161,1,0
2692,3,3.2,2,22.2,0,987,521,7786,0.122,2,0
2792,4,3.6,1,17.4,0,0,0,5238,0.172,1,1
2829,4,3.3,2,2.6,0,935,667,2000,0.02,1,1
1484,2,1.4,1,15.8,0,406,195,2000,0.033,2,0
3081,3,2.6,1,7.2,0,0,0,4194,0.037,1,1
2493,3,2.2,1,17.2,1,516,1162,4633,0.154,1,1
2651,4,3.7,3,13.2,0,824,313,2565,0.083,1,1
1709,3,3.2,1,10.8,0,57,696,2000,0.02,2,1
2513,4,3.2,1,25.7,0,512,370,2491,0.02,1,0
2624,4,4.0,1,6.2,0,0,0,4593,0.114,1,1
691,1,1.0,2,8.4,0,138,210,2640,0.056,2,0
2264,3,2.7,2,17.2,0,731,302,3630,0.066,2,0
3194,5,4.5,2,8.0,0,1013,659,5611,0.115,1,1
1818,3,2.6,2,8.2,0,0,0,6411,0.069,1,1
1891,2,1.3,1,18.6,0,7,1228,6374,0.218,2,0
1837,3,3.3,1,18.5,0,370,612,3389,0.133,1,1
2134,4,3.0,1,25.7,1,0,0,2566,0.098,2,0
1981,2,2.0,2,16.4,0,0,0,5320,0.122,1,1
3437,4,4.2,1,19.7,0,0,0,6880,0.175,2,1
1712,2,1.2,1,12.4,0,0,0,6103,0.21,2,1
2505,3,3.0,2,10.5,0,999,399,5616,0.101,1,1
2501,3,2.5,1,13.4,0,448,998,3646,0.076,2,0
2406,2,1.4,1,8.3,0,623,990,3493,0.02,2,0
2602,4,3.4,1,20.2,0,1283,303,6936,0.167,2,0
963,1,1.0,3,6.5,0,314,73,2000,0.048,1,1
2768,4,3.7,1,17.6,0,893,462,3851,0.064,2,0
2316,3,3.1,2,26.6,1,0,0,8233,0.217,2,0
3437,5,4.0,1,11.5,0,1507,869,4607,0.122,2,0
2275,3,2.8,1,21.1,0,882,30,2000,0.113,1,0
1142,1,1.0,1,14.7,0,0,0,3160,0.02,2,0
2293,2,1.0,1,12.7,0,523,758,3626,0.055,1,0
2982,4,3.9,1,18.0,0,1264,530,6629,0.192,1,1
2548,3,3.2,1,16.8,0,0,1765,4439,0.094,2,0
2500,3,2.0,2,15.7,0,0,0,5285,0.119,1,0
2406,3,2.5,1,12.3,0,792,419,4702,0.223,1,1
2220,3,1.7,1,7.3,0,49,1431,3273,0.02,1,1
3741,5,4.4,1,23.8,0,1609,123,8990,0.202,2,0
1774,3,2.6,1,14.2,0,0,0,2960,0.03,2,0
3961,5,5.0,3,18.0,0,1702,574,8131,0.236,2,1
3100,4,4.2,2,27.1,0,0,0,7144,0.134,1,0
3530,5,5.0,1,19.1,0,0,0,5705,0.148,2,1
3496,5,4.1,3,4.8,0,985,248,6907,0.196,2,0
3565,5,4.3,2,4.4,0,0,0,9158,0.247,2,1
3144,4,2.6,1,26.2,0,793,417,6125,0.153,2,0
3038,4,3.0,1,0.5,0,743,454,7008,0.159,2,1
3309,4,2.7,1,7.0,0,0,0,6256,0.104,2,0
3414,4,3.6,1,16.9,0,1625,0,7699,0.176,2,0
3228,4,3.1,1,14.2,0,0,0,5390,0.133,1,0
2452,4,2.8,1,1.8,0,941,444,4953,0.139,2,1
943,1,1.0,1,12.9,0,119,489,3720,0.078,2,1
2593,3,1.8,1,26.2,0,0,0,7864,0.271,1,0
3539,4,3.6,1,5.9,1,0,0,6737,0.147,2,1
1523,2,1.5,1,1.2,0,0,0,2909,0.125,1,1
2480,3,2.2,1,7.5,0,780,506,4789,0.238,2,0
2668,3,2.0,1,12.9,0,0,0,6859,0.248,2,1
2331,3,1.7,1,9.2,0,456,929,2000,0.083,1,1
1334,2,1.7,2,19.2,0,798,54,5172,0.105,1,0
2886,3,2.5,2,20.2,0,516,959,3318,0.143,1,0
2039,3,2.6,2,21.6,0,717,408,3151,0.02,2,0
2677,4,3.2,2,18.7,0,0,0,7274,0.125,1,0
2380,3,2.3,2,10.4,0,409,522,4736,0.128,1,1
1116,1,1.1,2,8.3,0,171,464,2320,0.069,2,1
824,1,1.0,1,12.4,0,414,126,2000,0.057,1,0
3402,4,3.2,3,19.3,1,855,582,7375,0.218,1,0
3056,4,3.8,1,6.0,0,222,1289,5629,0.107,1,1
3771,5,4.6,1,14.3,1,1352,1163,7255,0.238,2,1
3487,5,3.4,2,19.3,0,1294,446,9289,0.248,2,1
2297,3,1.6,1,20.0,0,253,738,6784,0.13,1,0
3296,4,3.1,1,16.5,1,730,1322,11172,0.318,1,0
2143,3,2.9,2,4.5,0,502,585,7278,0.22,2,1
1593,2,1.7,1,10.4,0,0,0,4552,0.121,1,0
2439,3,2.7,2,11.4,1,869,671,6577,0.094,1,0
1971,2,1.7,3,0.5,0,1137,129,5103,0.045,2,1
3172,4,2.9,2,5.8,0,0,0,6695,0.156,1,1
1417,2,1.7,1,22.0,0,553,145,2000,0.02,1,0
1974,3,1.9,1,8.9,0,483,312,4599,0.183,1,1
3245,5,4.9,2,1.6,0,1184,185,5149,0.226,2,1
1365,1,1.0,2,15.4,0,591,258,3689,0.047,1,1
1964,2,1.5,1,20.3,0,346,367,5796,0.221,2,1
2396,3,1.5,1,0.5,0,0,0,2000,0.06,1,1
3589,5,3.7,1,10.8,0,0,0,8927,0.201,1,0
3004,5,4.9,2,5.9,0,1117,429,5609,0.195,1,1
1795,2,1.7,1,6.3,0,0,0,5429,0.167,2,0
3627,6,4.8,2,5.2,0,672,972,8912,0.183,1,1
3147,4,4.0,1,13.7,0,353,1736,4439,0.129,2,1
2205,3,1.9,1,11.4,1,490,455,3575,0.124,1,0
3572,5,4.4,3,21.7,0,0,0,8049,0.304,2,0
3435,5,4.2,2,4.7,0,421,989,4014,0.121,1,1
2275,3,1.9,1,22.6,0,423,450,4238,0.118,1,1
2565,4,4.0,1,12.2,0,1167,125,7959,0.227,1,1
2849,4,4.2,1,12.8,0,0,0,7569,0.143,1,0
2281,3,2.5,2,6.3,0,0,0,7723,0.214,1,0
1761,2,2.2,1,15.0,0,425,795,2417,0.02,1,0
2463,3,2.3,1,21.7,0,336,558,3483,0.199,2,0
2444,3,2.5,1,5.8,0,619,681,5852,0.148,2,1
2380,3,2.5,3,19.9,0,759,330,3622,0.081,2,0
3304,5,3.8,1,7.2,1,356,1800,4226,0.192,2,1
1910,3,2.6,1,8.8,0,0,0,6453,0.11,2,1
2599,4,3.8,2,13.8,0,0,0,7180,0.133,2,0
2054,3,2.3,2,11.7,0,0,0,3729,0.077,2,1
4353,6,4.6,1,11.3,0,894,530,9721,0.201,2,1
3222,4,3.6,2,11.9,0,754,628,9697,0.306,2,1
1461,2,1.0,2,26.2,0,0,744,2000,0.02,2,0
1351,2,1.0,1,13.1,1,0,925,5546,0.149,2,0
3013,5,4.5,2,4.4,0,0,0,3890,0.044,1,1
3312,5,4.0,2,3.5,0,0,0,4360,0.028,1,0
3024,4,3.5,2,10.0,0,0,1216,6414,0.038,2,1
773,1,1.0,1,25.3,0,328,180,2000,0.1,1,0
2055,2,1.0,2,30.0,0,821,478,3930,0.04,2,0
3010,4,3.5,2,18.7,0,910,770,5536,0.097,1,0
3819,5,4.7,1,3.4,0,523,760,9550,0.237,2,1
2061,3,2.9,2,5.5,0,296,671,3274,0.113,2,1
2513,3,2.2,1,3.7,0,744,159,2526,0.02,1,1
1967,3,2.4,2,5.6,0,788,388,3718,0.113,2,1
1907,2,1.0,2,0.5,0,283,355,8619,0.28,2,1
2132,2,2.4,1,16.0,0,0,0,2000,0.059,1,1
3927,5,5.0,2,7.7,0,452,1670,8171,0.154,1,1
2740,4,3.4,1,25.0,0,0,0,2936,0.02,2,0
1435,2,1.3,2,14.9,0,0,0,2000,0.054,2,0
1650,2,1.0,2,17.1,0,442,404,2061,0.047,1,0
3371,4,3.9,2,0.5,0,365,960,8424,0.238,1,1
2491,4,3.7,1,8.5,0,0,0,7730,0.203,2,1
2446,4,3.8,2,3.5,0,547,660,5092,0.089,2,1
1086,2,1.2,2,0.5,0,0,0,2000,0.02,2,0
4128,6,5.0,1,16.1,0,1978,863,9287,0.143,1,1
1190,2,1.0,1,12.4,0,229,523,2000,0.052,1,0
2657,3,2.8,2,1.2,0,473,346,5080,0.114,2,0
2792,3,3.0,3,21.2,0,1278,0,7016,0.162,1,1
3458,5,5.0,2,16.3,0,1568,812,3736,0.056,1,0
3617,4,3.5,3,7.5,0,551,1368,6070,0.171,2,1
2370,3,2.2,1,15.9,0,0,0,4377,0.125,2,1
2148,3,1.9,1,13.1,0,399,920,5207,0.197,2,0
2743,4,3.0,1,7.7,0,0,0,2250,0.064,2,1
2129,2,1.6,1,6.9,0,460,321,2000,0.048,2,0
1337,1,1.0,1,16.9,1,536,250,2000,0.068,2,1
2890,5,5.0,1,14.3,1,401,968,4163,0.077,2,1
1735,3,3.0,1,1.5,0,989,91,4922,0.159,1,1
1859,3,2.1,2,17.4,1,345,399,4619,0.121,1,1
2122,3,1.8,2,3.2,0,1142,56,6018,0.157,1,1
2510,4,3.1,1,8.2,0,0,0,4682,0.157,1,0
2070,3,2.9,2,17.9,0,215,1035,3814,0.171,1,1
2653,4,3.1,1,10.9,0,1754,86,5031,0.125,2,1
1963,3,2.7,1,18.3,0,292,781,2965,0.052,2,1
3535,4,3.1,2,25.4,0,1215,1238,12140,0.303,2,0
2125,2,1.6,1,6.9,0,323,848,5020,0.086,1,1
2833,3,2.7,2,16.3,0,0,0,3945,0.068,1,0
2803,3,2.9,1,18.1,0,533,1055,5180,0.203,2,0
2278,3,3.1,2,20.8,0,862,708,6372,0.139,2,0
3533,5,5.0,2,12.9,0,0,0,3205,0.022,2,1
3221,5,4.1,1,5.7,0,350,819,5911,0.119,1,1
2344,3,2.3,1,1.3,0,497,921,6911,0.126,1,1
1399,2,1.0,1,17.2,0,704,1,4008,0.074,2,0
1219,2,1.3,1,19.1,0,0,0,2000,0.02,1,0
2069,3,2.4,1,18.9,0,833,251,5870,0.125,1,0
2561,3,2.2,1,16.6,1,0,0,4910,0.081,2,1
2329,3,2.1,2,4.7,0,0,0,2698,0.124,1,1
3080,4,3.9,2,18.7,0,744,567,5758,0.183,2,1
2305,3,2.9,2,0.5,0,452,279,7258,0.14,2,1
3224,5,4.6,3,17.4,0,0,0,7349,0.094,2,0
4255,6,4.8,2,4.6,0,1193,699,8463,0.161,2,1
1728,2,1.5,1,4.1,0,594,218,2000,0.092,2,0
3294,4,3.2,2,2.1,0,333,656,5893,0.128,1,1
3306,4,4.1,1,0.5,0,1754,540,8184,0.125,1,1
3411,5,3.5,2,18.4,0,0,0,8630,0.199,2,1
2336,3,2.1,1,2.5,0,0,790,2000,0.097,1,1
2631,4,3.1,2,14.2,0,0,0,3141,0.055,1,0
842,1,1.0,1,22.6,0,0,0,2000,0.02,1,0
3327,5,4.9,2,4.0,0,734,372,5913,0.103,2,1
1847,2,1.0,1,16.5,0,414,838,4953,0.098,2,0
2743,4,3.3,1,4.1,0,633,966,2361,0.064,1,1
4563,6,5.0,2,8.1,0,2127,589,7706,0.242,1,1
2442,3,2.9,2,5.2,0,0,0,6540,0.162,1,1
1619,2,1.1,1,6.9,0,319,198,5076,0.157,1,1
2604,3,2.1,2,16.4,0,0,0,2301,0.066,1,1
2679,4,3.6,1,12.7,0,1820,0,6574,0.104,1,1
2706,4,3.5,1,2.3,0,0,0,2577,0.127,2,1
2104,2,1.4,2,2.9,0,0,0,5419,0.081,2,0
3108,5,2.5,2,21.5,0,922,167,7604,0.144,1,0
2855,4,2.8,2,0.8,0,0,1668,6049,0.173,1,1
986,1,1.0,1,22.4,0,0,0,2000,0.067,2,0
2679,4,3.7,2,6.5,0,744,276,2000,0.02,2,1
1995,2,1.0,2,12.4,0,0,0,6857,0.091,2,0
1358,1,1.0,2,13.6,0,0,0,2000,0.092,2,1
2503,3,2.3,1,8.6,0,45,969,3666,0.135,1,1
2906,4,2.8,3,16.0,0,419,529,5274,0.127,2,1
3692,5,4.7,3,10.3,0,1960,116,7448,0.122,1,1
1099,2,1.2,2,5.9,0,0,0,3262,0.075,2,1
2778,4,4.3,1,6.4,0,493,721,6413,0.213,2,1
2911,4,3.1,2,9.7,0,25,1962,6246,0.159,2,1
2123,3,2.1,1,23.1,0,984,372,3835,0.056,1,0
4155,6,5.0,3,12.1,0,0,0,6491,0.189,2,1
3014,3,2.1,1,7.7,0,0,0,8013,0.282,1,1
1733,2,2.2,1,3.4,0,732,364,4234,0.203,2,1
2423,3,2.6,2,11.7,0,727,463,6268,0.17,1,0
2960,4,3.2,1,8.2,0,0,0,5481,0.123,2,0
1340,2,1.3,1,0.5,0,165,464,4133,0.02,2,1
1853,3,3.8,1,15.6,0,59,795,2000,0.02,2,0
1813,3,2.6,3,17.4,0,192,476,5782,0.197,1,0
3584,5,4.5,1,15.7,0,1166,1222,6768,0.195,1,1
2288,4,3.3,1,24.8,0,954,349,3661,0.093,2,0
1892,2,1.9,1,14.9,0,0,0,2716,0.021,2,1
2239,3,1.6,2,9.9,0,199,523,3200,0.111,2,0
2435,3,2.3,2,15.9,0,1002,238,4903,0.143,2,1
2501,4,2.0,1,17.8,0,0,0,5443,0.151,2,0
3365,4,3.1,2,11.4,1,291,1262,9944,0.191,1,1
2282,3,2.8,1,13.9,0,582,295,4635,0.073,1,1
1731,3,3.1,2,11.3,0,0,0,2000,0.02,2,0
3270,4,3.7,2,21.7,0,1013,416,11062,0.144,1,0
1918,3,2.7,2,21.0,0,615,204,3751,0.059,1,1
3133,5,3.5,2,10.5,1,0,0,5949,0.148,2,1
3140,5,4.1,1,6.6,0,0,0,5207,0.096,2,1
3406,5,5.0,2,11.4,0,997,603,4012,0.148,1,1
3076,4,3.1,2,0.5,0,575,677,8597,0.133,2,1
1867,2,1.3,2,17.5,0,0,0,2000,0.112,2,0
3056,3,2.0,1,18.3,0,769,197,8128,0.228,1,0
2100,3,1.9,2,4.9,0,0,0,3628,0.021,1,1
2762,4,3.2,2,18.0,0,1130,479,6685,0.283,2,1
1890,3,2.1,1,10.5,0,490,189,3169,0.061,1,1
2570,4,3.9,1,25.3,0,1159,582,5786,0.082,1,0
2036,2,1.5,3,28.6,0,0,0,4052,0.045,2,0
2749,4,3.9,3,10.5,0,1215,691,5565,0.104,2,1
2435,3,1.7,2,1.4,0,529,996,7376,0.151,2,0
2909,4,4.0,2,21.0,0,627,1110,5846,0.105,1,0
1984,3,2.4,3,24.5,0,534,532,2000,0.061,1,0
2652,4,4.3,2,17.5,0,903,606,2112,0.111,2,1
1737,3,2.4,1,12.3,0,806,80,2335,0.02,1,1
4039,6,4.7,2,19.9,0,0,0,9366,0.229,1,0
2923,4,4.0,2,4.1,0,695,681,7053,0.216,2,1
2208,3,2.3,1,19.7,1,461,946,6009,0.112,1,1
1998,2,1.0,1,7.1,1,438,597,4820,0.076,2,1
3102,5,4.5,1,10.7,0,0,0,6978,0.169,1,1
1713,2,1.5,2,21.1,0,439,537,2000,0.02,1,0
2598,4,3.9,2,20.9,0,681,680,6336,0.142,1,1
3614,5,2.6,1,11.0,0,2276,149,10224,0.336,2,0
1430,2,2.0,1,7.5,1,107,451,2608,0.038,2,1
1943,2,1.2,1,13.0,0,885,348,5203,0.202,2,0
3691,5,5.0,1,5.8,0,0,0,6234,0.164,2,1
2999,4,2.5,2,20.5,0,1301,421,8098,0.175,2,0
2377,3,2.7,1,7.3,0,620,980,6087,0.151,2,1
2385,3,2.6,3,4.9,0,160,780,5032,0.138,1,1
1799,2,1.2,1,18.1,0,0,0,2000,0.02,1,0
4259,6,5.0,1,14.5,0,20,2224,9222,0.139,2,0
2793,4,3.2,2,7.8,0,708,807,8899,0.191,2,0
3163,5,4.2,1,8.2,0,539,877,6581,0.116,1,1
2286,3,1.8,1,10.5,0,690,403,9158,0.241,1,1
1853,2,1.9,1,5.7,0,95,1198,2000,0.08,1,0
1853,2,1.0,1,13.2,0,229,997,2218,0.029,2,0
2819,3,2.9,2,10.6,0,0,0,4254,0.124,2,1
3350,5,3.5,2,0.5,0,1197,821,6733,0.176,1,1
3076,5,4.3,2,9.1,0,101,905,8017,0.072,2,1
2736,4,3.3,1,22.0,0,76,1032,4416,0.15,2,1
1573,2,1.4,1,5.5,0,0,0,3188,0.02,2,0
2058,3,2.9,1,7.9,0,679,272,5269,0.109,1,1
1388,2,1.3,2,9.2,0,407,241,3062,0.151,2,0
1659,2,1.2,1,11.2,0,0,0,3472,0.121,1,1
2879,4,3.3,2,2.3,0,80,1530,5630,0.063,1,1
1988,3,2.9,3,6.5,1,269,1021,6850,0.161,1,1
1956,3,1.8,2,10.7,0,174,997,2344,0.056,1,1
1810,2,1.0,1,16.3,0,735,495,6727,0.168,2,0
2441,3,1.4,2,15.5,0,0,0,3718,0.02,1,0
2054,3,3.4,1,13.7,0,0,0,5451,0.234,1,1
2248,3,1.8,3,13.7,0,0,0,5639,0.151,1,0
2448,3,1.5,1,5.2,0,0,1100,4901,0.119,2,1
2339,3,2.0,1,0.5,0,151,831,4793,0.157,2,1
2768,3,2.1,2,2.1,0,709,580,6458,0.139,1,1
697,1,1.1,1,14.5,0,260,46,2000,0.077,2,0
2432,4,3.2,1,15.3,0,0,0,3623,0.046,2,0
3716,5,4.5,2,5.1,0,652,903,9700,0.19,1,1
2405,3,1.5,2,23.7,0,930,638,4208,0.124,2,0
2135,3,2.5,2,23.5,0,503,415,4393,0.101,2,1
4426,6,4.6,1,6.0,0,929,877,8459,0.192,2,1
2106,3,2.2,2,12.6,0,397,880,4792,0.128,2,0
3053,4,3.0,2,19.5,0,0,0,7578,0.116,1,1
2846,4,3.4,2,22.4,0,491,759,4286,0.02,1,1
2067,3,2.7,1,13.6,1,0,0,2000,0.033,1,1
1572,2,1.0,1,8.6,0,99,691,7528,0.105,1,0
3851,5,3.8,1,16.1,0,0,0,5352,0.141,2,1
1584,2,1.5,2,15.6,0,183,540,3670,0.14,1,0
2752,3,2.7,1,24.1,0,0,0,3631,0.074,2,0
1746,2,2.1,3,17.4,0,388,619,3399,0.02,2,0
2223,3,2.2,1,15.5,0,1088,150,2000,0.04,1,1
2598,4,2.7,2,11.7,0,1211,0,9246,0.17,1,1
2502,3,2.5,1,15.8,0,1246,476,4604,0.163,1,0
1761,2,1.0,2,0.5,0,0,0,3255,0.075,1,0
1676,2,1.0,1,13.9,0,0,0,4992,0.175,1,0
3529,5,5.0,1,16.5,0,1063,447,5664,0.089,2,0
4063,6,5.0,1,0.8,0,702,688,4710,0.107,1,1
1941,3,2.0,1,4.6,0,812,297,6575,0.113,2,0
3096,4,3.4,1,0.5,0,1734,293,2100,0.073,2,1
2257,2,1.4,1,15.7,0,0,0,4982,0.1,1,0
3409,4,3.5,2,17.7,0,1268,429,3864,0.053,1,1
2331,3,2.2,1,2.1,0,1023,266,5444,0.054,2,1
3423,5,3.4,1,9.9,0,1731,260,8054,0.227,1,1
2325,3,1.9,1,5.0,0,0,0,4324,0.13,2,0
3313,5,4.1,1,15.9,0,1264,520,5499,0.098,1,0
2384,3,2.4,1,5.2,0,0,0,3202,0.036,2,1
2412,3,1.9,1,5.8,0,384,476,4776,0.134,1,1
2539,4,3.5,3,14.9,1,1360,182,4234,0.16,1,1
1601,2,1.2,1,28.3,0,51,559,2000,0.02,1,0
1962,2,1.0,1,6.3,0,0,0,3341,0.133,2,1
1970,2,1.0,2,7.3,0,456,173,3065,0.086,2,1
3122,5,4.6,1,9.9,0,0,0,11786,0.295,1,1
2628,3,2.6,1,16.1,0,0,0,4568,0.083,1,0
2814,4,3.8,1,13.3,0,377,671,4601,0.056,2,1
2291,3,2.7,1,7.5,0,813,178,5960,0.152,1,1
2251,3,2.7,1,8.8,0,1342,222,8311,0.108,1,1
1665,3,2.6,3,8.1,0,45,514,2000,0.111,2,1
4226,6,4.5,3,4.3,0,0,0,8127,0.211,1,1
2417,4,3.3,2,19.0,1,111,741,3445,0.028,2,0
1949,2,1.0,1,9.4,0,633,559,6342,0.175,1,0
709,1,1.1,2,15.6,0,0,0,2879,0.02,2,0
2018,2,1.4,2,7.7,0,0,0,5342,0.154,1,0
2369,3,3.0,1,12.7,0,0,0,3083,0.11,1,0
2482,3,1.9,1,19.5,0,791,315,5193,0.122,2,0
2684,4,3.4,1,22.4,0,329,619,7582,0.203,1,0
2357,4,3.5,2,18.8,0,418,944,7899,0.132,1,0
1405,2,1.2,1,5.7,0,238,700,2245,0.02,1,1
3596,5,4.5,3,1.8,0,256,1396,8330,0.227,2,1
2437,3,3.1,1,11.8,0,141,785,6938,0.21,2,1
2041,3,1.9,1,15.5,0,174,577,4654,0.17,2,0
2697,3,1.1,1,24.0,0,668,850,7660,0.168,1,0
2894,4,4.2,1,11.4,0,358,1635,2000,0.02,2,1
3007,5,4.0,2,17.6,0,541,1260,7268,0.045,2,1
2980,4,4.0,2,14.0,0,757,239,6107,0.306,1,1
3868,6,5.0,1,3.5,1,2076,507,9373,0.249,1,1
3146,4,3.3,2,16.5,0,142,1062,10647,0.265,2,1
2967,4,3.6,2,11.1,0,1465,272,7488,0.139,1,1
1145,1,1.0,1,18.1,0,316,266,2000,0.056,2,1
2813,4,3.4,1,2.4,0,1038,554,3628,0.093,1,1
3236,4,3.7,1,17.7,0,0,0,7929,0.161,1,0
1427,2,1.0,2,11.2,0,475,312,4409,0.118,1,0
3000,4,3.2,1,8.4,0,0,1032,9477,0.218,1,1
2912,4,3.6,2,23.0,0,414,507,7654,0.256,1,0
1389,2,2.1,2,17.8,1,520,315,2000,0.02,2,0
2277,3,2.4,2,17.6,0,640,542,9094,0.188,2,0
2016,3,2.2,2,11.1,0,0,0,3389,0.082,2,0
2312,2,1.3,2,3.9,0,139,1342,5205,0.123,2,0
1404,1,1.0,2,3.0,0,0,0,2000,0.02,2,1
1809,3,2.1,3,9.7,0,239,657,5106,0.107,2,1
2764,4,3.2,1,2.3,0,337,645,8625,0.225,2,1
2482,3,2.1,2,8.7,0,0,0,7878,0.042,1,1
2652,3,2.3,2,11.7,0,654,784,5433,0.19,1,0
3161,4,3.5,2,9.6,0,712,704,6324,0.18,2,1
3471,4,3.9,2,13.4,0,197,1105,8494,0.307,2,0
2940,4,2.3,1,0.5,0,0,0,5417,0.078,1,1
2084,2,1.7,2,17.5,0,458,740,6239,0.099,2,1
1952,3,2.0,1,11.2,0,376,625,6641,0.093,1,0
2561,3,2.7,1,16.0,0,887,629,5907,0.118,2,0
2837,4,4.0,2,9.4,0,0,0,4631,0.088,2,1
3455,5,4.9,3,11.0,0,1214,537,6837,0.055,2,1
2714,3,2.5,2,4.2,0,1325,569,8214,0.138,1,1
2590,3,2.8,1,13.7,0,0,0,11172,0.296,1,0
2849,4,2.9,2,7.0,0,868,963,7337,0.129,2,1
3665,4,3.4,2,13.8,0,318,1221,6181,0.221,1,1
2677,3,3.2,2,18.0,0,1022,814,3988,0.02,2,0
2167,3,2.0,2,13.1,0,417,932,4456,0.134,1,0
973,2,1.5,3,25.7,0,376,203,3839,0.046,1,0
1783,2,1.2,1,14.9,0,75,1032,2000,0.059,1,0
1582,2,1.3,3,11.6,0,109,964,3476,0.083,1,0
1512,2,1.6,2,13.4,0,0,0,4338,0.127,1,0
2751,4,3.3,1,13.2,0,1024,536,7125,0.061,1,1
2345,3,2.4,1,16.5,0,1341,276,4893,0.145,1,0
2094,2,1.1,1,7.9,0,0,0,2000,0.051,1,1
3205,5,3.5,2,14.4,1,405,1005,9447,0.215,1,0
1678,2,1.5,2,5.5,0,0,0,6256,0.212,2,0
2239,3,2.6,1,13.0,0,596,901,4855,0.19,1,1
1452,2,2.1,2,16.6,0,223,661,2100,0.126,2,1
3584,5,4.3,2,18.2,0,0,0,6851,0.088,1,0
2231,2,1.0,2,9.4,0,380,373,3911,0.14,2,1
3084,4,3.0,2,20.5,0,131,1764,6600,0.131,1,0
3521,5,4.7,2,10.5,1,1880,261,7884,0.12,1,1
2768,4,3.4,1,3.6,0,885,1010,2997,0.061,2,1
3514,5,4.5,1,12.8,0,0,0,3976,0.025,1,1
1184,2,1.2,1,17.1,0,281,525,2000,0.035,2,1
2881,4,4.3,1,7.1,0,803,1012,6079,0.176,1,1
2842,4,4.3,2,2.5,1,306,1266,2990,0.045,2,1
2443,3,1.9,1,12.0,0,0,0,5503,0.143,1,1
3784,5,4.9,1,11.3,0,1637,969,9742,0.291,1,1
3123,4,3.6,1,6.5,0,752,1375,5288,0.139,2,1
3460,5,4.4,1,21.3,0,702,703,8885,0.296,1,0
2744,4,3.0,1,17.7,0,0,0,3798,0.107,1,0
2111,3,3.2,2,19.0,0,250,1176,5159,0.055,2,0
2065,3,3.0,2,3.0,0,766,594,2000,0.02,1,1
2115,3,1.7,2,10.0,0,929,103,3836,0.086,2,0
1063,1,1.1,2,8.6,0,208,302,2000,0.058,2,0
1933,3,2.4,2,9.4,0,484,273,3732,0.134,1,1
2432,3,2.1,1,19.2,0,405,537,5979,0.087,2,1
1667,2,1.0,1,8.0,1,673,278,6027,0.125,1,1
1449,2,1.9,1,7.5,0,0,0,2000,0.063,2,1
2107,3,2.6,2,19.2,0,523,420,3379,0.094,1,1
1351,1,1.0,1,24.6,0,0,0,2000,0.138,2,0
4371,6,5.0,2,21.1,1,1216,839,9911,0.141,2,1
3016,3,2.2,1,5.7,0,352,1225,4241,0.128,2,1
2470,3,2.1,1,0.5,0,665,527,3190,0.088,1,1
1497,2,1.7,1,6.6,0,0,0,2736,0.077,1,1
2083,3,2.6,1,11.1,0,416,396,6596,0.231,2,1
1216,1,1.0,2,14.3,0,526,280,2000,0.02,2,0
1341,1,1.0,1,8.5,0,260,183,4981,0.045,2,0
2722,3,1.7,1,20.0,0,764,704,6923,0.083,2,0
2637,4,3.8,2,16.0,0,0,0,5361,0.096,1,0
2330,3,1.9,1,12.1,0,540,230,6457,0.162,1,0
751,1,1.0,2,2.1,0,233,234,2000,0.048,1,0
1813,2,1.0,1,20.1,0,461,399,2000,0.129,1,0
2595,4,3.6,1,11.7,1,778,918,5212,0.057,2,0
3336,4,4.4,1,0.5,0,623,603,6379,0.149,2,1
2666,4,2.7,2,20.6,0,386,635,3026,0.025,2,1
2482,3,2.7,2,25.3,0,0,0,7031,0.121,1,0
2345,3,2.5,2,10.4,0,833,501,3124,0.097,2,1
2914,4,3.9,2,4.9,0,0,0,2644,0.109,1,0
1758,3,2.3,2,19.8,0,0,0,2000,0.044,1,0
2872,4,3.5,1,22.0,0,0,0,6519,0.112,2,0
2006,3,2.5,2,17.0,0,0,0,6253,0.087,1,0
2124,3,2.7,2,0.5,0,0,0,4782,0.095,2,0
1846,2,1.0,1,7.5,0,998,221,4016,0.083,2,0
2515,2,1.5,2,5.7,0,0,0,9586,0.261,2,0
4069,5,4.8,1,16.0,0,1698,616,6348,0.082,1,1
2454,3,3.0,1,22.3,0,977,380,3812,0.181,2,0
4215,6,5.0,2,12.1,0,439,912,7880,0.323,2,0
2194,3,1.8,1,10.9,1,365,480,2104,0.057,2,1
1399,2,1.0,2,1.6,0,0,492,2000,0.057,1,1
2432,3,2.6,2,2.7,0,142,1029,8427,0.205,2,1
2166,3,1.9,1,12.0,0,507,947,4051,0.122,2,0
3426,4,3.8,2,22.0,0,0,0,7546,0.13,1,0
1743,1,1.0,1,8.6,0,0,0,2000,0.054,2,0
3542,4,3.9,1,7.9,0,1213,584,6741,0.147,2,1
2109,3,3.5,1,4.4,0,736,471,6603,0.13,1,1
2147,3,2.4,1,3.1,0,0,0,3195,0.123,1,1
1936,3,2.3,3,18.7,0,433,367,7561,0.133,2,0
2494,3,2.9,3,10.2,0,480,778,5796,0.181,1,0
2043,3,2.9,1,17.7,0,643,565,6988,0.181,1,0
2118,3,3.3,1,0.5,0,0,0,6192,0.194,2,0
2033,3,2.5,2,9.5,0,831,500,5619,0.124,1,0
2132,3,2.1,1,22.5,0,785,431,5273,0.1,1,0
2796,3,2.4,1,3.9,1,1157,741,6397,0.144,1,1
2159,4,3.1,1,4.8,0,0,0,6866,0.206,2,0
1857,2,1.5,2,11.1,0,703,366,2383,0.128,2,0
2058,3,2.0,2,11.9,0,0,0,5050,0.159,1,1
3003,3,2.9,3,14.0,0,0,0,3314,0.02,1,1
1348,1,1.0,2,11.2,0,0,0,5958,0.193,2,1
1994,3,2.5,3,12.4,0,589,213,5618,0.131,2,1
1516,2,1.4,2,12.1,0,0,0,4100,0.096,1,1
2129,3,2.3,1,5.6,0,578,370,3194,0.02,2,0
3245,4,4.1,3,8.9,0,0,0,6480,0.114,1,0
2808,3,3.0,1,2.6,0,377,1385,6551,0.184,1,1
2346,3,2.5,1,13.3,0,274,467,2000,0.02,2,1
1057,1,1.0,1,5.8,0,235,372,3131,0.02,1,0
2613,3,1.8,3,15.8,0,1279,239,4450,0.098,1,0
2908,4,3.5,1,15.7,0,1219,0,8553,0.144,1,1
2440,3,2.1,1,0.5,0,241,1102,6436,0.174,2,1
1766,2,1.6,2,17.8,0,655,508,4877,0.159,1,0
2063,3,2.2,1,16.8,0,0,0,6498,0.156,1,1
3908,5,4.8,2,12.8,1,0,0,9590,0.207,2,1
1522,2,1.5,2,0.5,0,356,172,7646,0.146,2,1
2881,3,2.9,1,0.5,0,157,1349,6855,0.162,2,1
2054,2,1.0,1,17.6,0,693,385,6998,0.122,1,0
2358,3,2.3,1,8.4,0,379,983,7987,0.191,2,1
1326,2,2.5,2,14.0,0,179,269,2606,0.112,1,0
3402,4,2.1,1,0.5,0,0,0,8871,0.194,2,1
2394,3,2.8,1,15.3,0,0,0,6104,0.15,1,0
3168,4,3.6,1,6.8,0,0,0,5921,0.16,1,1
2743,3,3.0,1,6.6,0,93,820,7528,0.146,1,1
763,1,1.0,2,18.8,0,218,283,2967,0.071,2,0
2409,3,3.0,2,9.5,0,0,0,10216,0.199,1,1
1586,2,2.0,2,14.5,0,415,410,4846,0.068,2,0
2395,3,2.5,2,6.0,0,581,591,6788,0.189,1,1
2437,3,1.8,2,25.6,0,799,0,7624,0.118,1,0
2400,4,3.9,1,6.3,0,188,687,5849,0.133,1,1
2231,3,1.9,2,17.5,0,0,0,4923,0.098,2,0
1126,1,1.0,1,8.3,0,328,390,2506,0.02,1,1
1924,3,2.9,2,13.0,1,1130,99,2000,0.063,2,0
2079,3,2.9,2,10.6,0,1389,0,3504,0.02,1,1
2337,3,2.2,1,10.2,0,0,0,8144,0.131,1,1
1905,2,1.7,2,9.8,0,1209,104,5303,0.076,2,1
2855,4,2.6,1,5.6,0,199,1754,5400,0.062,2,1
2090,3,2.2,1,14.7,0,489,577,6859,0.128,2,0
1398,2,2.1,1,13.6,0,209,737,5892,0.137,2,1
2792,4,4.1,1,11.5,0,1216,191,6089,0.138,1,1
1460,2,1.7,1,21.2,0,0,0,7852,0.187,1,1
3678,5,4.3,1,17.8,0,0,0,7916,0.164,2,0
2975,4,3.8,2,7.1,0,0,1531,5542,0.127,2,1
2104,3,2.4,1,12.9,0,1175,161,4871,0.177,2,0
1168,1,1.0,3,19.4,0,0,0,2978,0.02,1,0
2999,3,2.4,1,11.1,1,721,441,7134,0.177,1,1
3125,4,3.0,1,12.1,1,772,1269,6406,0.134,1,1
3576,5,4.8,1,9.2,0,894,1545,9289,0.193,1,1
3115,4,2.9,2,8.7,0,742,201,4013,0.049,1,0
2679,3,2.8,3,18.1,0,0,0,5775,0.032,2,1
1843,3,1.9,2,13.5,0,510,213,3421,0.077,2,0
3372,5,4.0,1,16.4,0,1250,945,7743,0.115,1,0
2114,3,1.0,1,13.1,1,0,0,2000,0.08,2,1
1506,2,1.3,1,8.7,0,462,545,3945,0.048,1,0
2934,3,2.5,2,4.6,1,0,0,6130,0.108,2,1
4253,6,5.0,2,9.6,0,560,1914,5338,0.102,2,1
2634,3,3.1,1,15.9,0,847,449,6062,0.166,2,0
1789,2,1.0,1,15.1,0,263,685,3601,0.118,2,0
1925,1,1.0,3,0.8,0,697,526,6690,0.185,2,1
1096,2,1.2,2,24.6,0,273,257,2638,0.03,2,0
2154,3,2.4,2,7.5,0,213,505,5443,0.158,1,1
2167,3,2.3,2,11.4,1,421,657,6623,0.08,2,1
2795,4,3.2,2,13.5,0,0,0,6919,0.188,1,0
1374,1,1.0,2,23.7,0,512,406,2000,0.064,2,0
3527,5,4.5,1,6.1,0,788,1405,8739,0.227,2,1
1895,2,1.8,2,6.3,0,177,402,4105,0.054,1,1
2012,2,1.0,1,5.1,1,0,0,3194,0.062,2,1
2367,3,2.4,1,13.6,1,859,638,5339,0.186,2,0
3118,4,3.1,3,15.9,0,0,0,3568,0.02,2,0
2167,3,2.9,2,13.2,0,548,429,3245,0.085,2,1
2706,4,3.6,1,24.9,1,698,998,2757,0.042,2,1
2034,3,3.2,1,9.6,0,617,38,3995,0.084,2,1
3525,5,3.6,1,13.5,0,653,417,4419,0.116,2,1
3213,5,4.9,1,0.5,0,0,0,7109,0.108,1,1
1379,2,1.5,1,0.5,0,676,239,4827,0.138,1,0
1895,2,1.0,2,15.6,0,393,401,5458,0.071,1,0
2620,4,3.6,1,15.7,0,0,0,2633,0.048,2,1
1270,1,1.2,2,3.9,0,0,0,2000,0.02,1,0
2803,4,4.2,2,11.5,0,305,805,4377,0.1,1,1
2126,3,2.8,1,16.2,0,0,0,4062,0.026,2,1
3172,4,2.9,1,9.8,0,1032,1113,3333,0.094,1,1
1397,1,1.0,1,6.3,0,404,180,2000,0.144,2,1
1764,2,1.6,1,11.5,0,513,173,2193,0.03,1,1
2123,2,2.0,1,26.0,1,988,134,3383,0.029,1,0
1195,2,1.3,1,17.7,0,0,0,2000,0.028,2,0
2624,3,2.4,1,8.9,0,1146,202,2334,0.065,1,0
2058,3,2.1,2,18.3,0,245,570,3036,0.02,1,0
3430,5,4.7,2,13.9,0,1545,780,5227,0.111,2,1
3007,4,3.3,2,12.5,0,614,467,5653,0.226,2,1
2691,4,3.5,2,14.4,0,78,933,4433,0.132,2,1
1687,2,1.2,1,14.4,0,0,0,3583,0.033,2,1
2171,3,2.4,2,2.8,0,0,0,2000,0.053,1,0
4031,6,4.9,2,13.8,0,1347,1456,7624,0.159,1,1
2931,3,2.5,1,9.6,0,0,0,2696,0.032,1,0
2343,4,3.1,1,11.7,0,0,0,5782,0.086,2,1
1035,1,1.0,1,5.5,0,576,0,4016,0.185,2,1
1817,2,2.3,1,14.7,0,417,289,2000,0.02,2,1
1360,2,1.8,2,13.4,0,568,139,2481,0.101,2,1
1049,1,1.0,1,11.8,0,208,221,3000,0.043,2,0
3590,5,4.2,1,13.9,1,1646,0,6485,0.22,2,1
2407,3,1.6,1,14.5,0,0,0,5023,0.051,1,0
4346,6,5.0,1,18.5,0,2734,0,7060,0.189,2,0
3229,4,2.5,1,1.9,0,670,534,9572,0.272,1,1
2200,3,1.8,2,23.7,0,284,502,4204,0.101,2,0
4126,6,5.0,3,12.5,0,0,0,7643,0.19,2,1
3074,5,4.8,1,9.3,0,0,0,7649,0.133,1,1
1684,2,1.0,1,18.3,0,435,135,4538,0.072,2,0
1264,2,1.2,1,11.6,0,339,361,2000,0.027,2,0
2903,4,3.6,2,23.6,1,0,0,7963,0.196,2,0
1947,2,1.6,2,13.4,0,1088,259,3441,0.02,2,0
2423,3,1.6,3,18.9,0,676,856,2000,0.02,2,0
1727,2,1.5,1,12.3,0,902,75,2933,0.023,2,0
1942,2,1.1,3,9.7,0,311,567,2000,0.071,2,1
3821,5,5.0,1,16.9,0,0,0,8493,0.16,2,1
2051,3,2.3,1,22.5,0,579,398,5738,0.101,1,0
2655,3,2.6,1,20.5,0,0,0,5317,0.139,2,0
2073,3,2.3,2,16.6,0,1312,0,2935,0.068,1,1
2166,3,2.7,1,17.9,0,0,0,2395,0.066,2,0
1917,2,1.0,2,19.2,0,526,575,4676,0.129,1,0
2353,3,2.7,2,19.2,0,315,599,4417,0.081,1,0
1693,2,2.0,1,19.9,0,430,193,2000,0.02,2,0
1151,1,1.3,2,0.5,0,321,197,3793,0.02,1,0
3294,4,4.2,2,7.2,0,345,940,5034,0.032,2,1
1720,2,1.1,3,17.5,0,258,913,4600,0.139,1,0
2523,3,2.7,2,17.1,0,744,384,3985,0.02,1,0
2516,3,2.8,2,0.5,0,484,295,3619,0.118,1,1
2326,2,1.7,1,10.2,0,0,0,4994,0.088,1,1
2714,3,2.8,3,0.8,0,1170,539,9533,0.239,2,1
2511,3,2.6,2,3.1,0,0,0,5892,0.16,1,1
2515,3,2.1,1,12.4,0,922,761,3483,0.072,2,0
1750,2,1.5,1,7.6,0,421,449,5126,0.137,1,0
1651,2,1.8,1,8.6,0,265,360,2743,0.078,2,0
1696,2,1.6,2,9.0,0,332,832,6337,0.199,1,1
1707,2,1.0,2,13.7,0,0,0,2000,0.02,1,1
2165,3,2.0,1,17.8,0,0,0,7670,0.185,2,0
2775,4,3.2,1,5.4,0,0,1601,6923,0.133,1,1
2880,4,3.3,2,10.8,0,277,602,3940,0.06,1,1
3402,5,4.5,1,14.1,0,878,341,4470,0.076,2,1
1641,2,1.0,2,9.9,0,770,291,5207,0.183,2,1
1649,2,1.8,2,17.1,1,306,729,2332,0.02,2,0
2571,3,1.5,1,12.3,0,281,537,2809,0.056,2,0
3737,5,4.7,1,20.4,0,836,1436,7835,0.146,2,0
3207,4,3.7,1,4.5,0,0,0,7474,0.214,2,0
2673,3,2.7,2,29.4,1,438,832,6368,0.096,2,0
1483,2,1.0,1,7.8,0,353,548,2000,0.032,2,1
2308,3,1.7,3,21.8,1,1210,281,3370,0.124,2,1
2990,4,3.2,1,20.0,0,0,0,6210,0.19,1,0
2432,3,2.5,3,23.8,0,0,0,2563,0.05,2,0
1253,1,1.0,2,17.6,0,0,0,2075,0.047,1,1
2726,3,2.0,2,7.1,0,778,204,5440,0.156,2,1
2735,4,4.0,2,0.5,0,610,1252,5486,0.121,2,1
2969,4,3.6,1,6.8,0,684,918,2027,0.02,2,1
1334,2,1.2,2,19.6,0,0,0,2000,0.02,1,0
2425,3,1.9,2,13.7,0,0,0,3388,0.087,1,0
1822,3,2.4,2,4.8,0,0,0,2266,0.02,2,1
2408,3,3.0,3,3.5,0,337,490,7680,0.188,1,1
2072,2,1.4,1,3.8,0,0,0,5075,0.063,2,1
2486,3,2.4,1,8.7,0,271,952,3933,0.101,2,1
1980,3,2.4,1,10.9,0,95,608,6668,0.123,2,1
2667,4,3.5,2,22.7,0,708,483,8244,0.152,1,0
2485,3,2.3,2,14.0,0,1111,434,4638,0.209,2,1
2266,3,1.9,2,7.9,0,0,0,2990,0.053,2,0
2846,5,5.0,2,14.6,0,1945,42,6780,0.222,1,1
2725,3,2.7,3,6.4,0,373,461,2553,0.02,1,0
4155,6,5.0,1,22.5,0,0,0,8626,0.16,1,0
3071,5,4.6,1,1.5,0,466,517,5344,0.183,2,1
2970,4,3.3,1,16.1,0,1072,602,2461,0.029,2,1
4164,5,3.9,1,2.6,1,312,1434,11036,0.285,2,1
4056,6,5.0,2,9.0,0,0,0,6005,0.052,1,1
1651,2,1.0,2,16.5,0,299,645,2000,0.042,2,0
2707,4,4.4,1,15.1,0,386,926,4868,0.085,2,1
3694,5,4.4,1,10.5,0,0,0,4335,0.124,2,1
1175,1,1.0,3,12.7,0,0,0,5644,0.079,1,0
3143,4,3.9,1,1.1,0,1386,323,4990,0.067,2,0
1482,2,1.9,2,1.5,0,237,225,7207,0.191,2,1
3718,5,5.0,2,15.8,0,592,1333,3629,0.081,2,0
2546,4,3.4,3,24.5,1,0,0,9486,0.273,2,1
1848,2,1.3,2,17.8,0,313,299,3223,0.02,1,0
862,1,1.0,1,13.8,1,146,295,2000,0.07,1,0
2911,4,3.8,1,19.0,0,607,799,5440,0.111,1,1
1232,2,1.5,1,13.0,0,0,0,4067,0.02,2,0
3529,5,4.3,1,18.3,0,1386,872,5198,0.12,2,1
1694,2,1.0,1,14.8,1,0,0,4993,0.071,1,1
2441,4,3.0,2,12.8,0,511,872,3485,0.063,2,0
2819,3,2.5,1,1.0,0,1244,0,4261,0.02,2,1
3686,5,3.9,1,14.6,0,0,0,6777,0.088,1,0
2573,4,2.5,1,14.5,0,839,786,6512,0.198,2,0
3197,5,4.5,2,17.4,0,0,0,4477,0.132,2,1
2225,3,3.0,1,11.1,0,0,0,8233,0.149,1,1
2729,4,3.7,2,14.3,0,537,1270,4288,0.12,2,0
2272,3,2.4,2,8.5,0,226,772,8899,0.144,2,1
449,1,1.0,2,23.0,0,125,73,2000,0.02,1,0
2207,2,1.0,2,8.4,0,0,0,9091,0.183,1,1
884,1,1.0,1,8.0,0,0,0,3855,0.073,1,0
2663,3,3.2,1,12.3,0,340,775,8625,0.131,1,1
2249,3,3.0,1,0.5,0,0,0,2000,0.028,1,1
1834,1,1.0,1,5.9,0,654,374,2000,0.086,2,0
1357,1,1.3,2,0.7,0,0,0,2000,0.097,1,1
3218,4,3.0,2,23.6,1,1390,433,6326,0.1,1,0
2058,2,1.0,1,14.9,0,1189,0,5528,0.104,1,1
1725,2,2.2,2,8.2,0,1188,0,5464,0.059,1,0
2345,3,3.1,2,5.2,0,322,918,5681,0.119,1,1
2862,4,3.1,1,26.5,0,427,457,6955,0.052,2,0
4208,6,5.0,2,0.7,0,1253,1133,11280,0.282,2,1
2322,3,2.2,1,12.1,0,0,0,4652,0.119,1,0
1808,2,1.7,2,21.3,0,555,401,2754,0.065,1,0
1461,2,2.2,1,7.6,0,539,147,4207,0.123,2,1
1575,2,1.7,2,5.1,0,370,675,4161,0.03,2,1
1866,2,1.3,2,2.8,0,0,0,2000,0.094,1,1
1106,1,1.0,1,17.8,0,0,0,2546,0.081,2,0
2445,3,2.8,2,7.0,0,667,728,9972,0.206,1,1
1901,2,1.0,2,5.3,0,169,505,3923,0.145,2,1
1366,1,1.0,1,0.5,0,199,258,4832,0.125,2,1
2448,3,2.9,1,7.4,0,1158,0,4509,0.109,1,1
2830,4,3.8,1,17.6,0,0,0,8961,0.201,2,1
2040,3,2.8,1,16.3,0,265,992,5328,0.138,1,1
3247,4,3.7,1,11.6,0,575,542,5322,0.159,1,1
2692,4,3.5,3,8.0,0,451,498,7368,0.063,1,1
1100,1,1.0,2,7.0,0,0,0,5950,0.069,2,0
3985,5,4.4,2,1.6,0,506,702,9221,0.211,1,1
1462,2,1.6,2,14.5,0,285,192,3119,0.068,2,0
2818,4,3.7,1,12.8,0,0,0,7060,0.109,1,1
2335,3,2.5,1,11.3,0,731,513,5277,0.142,2,1
2964,5,4.7,2,14.1,1,737,692,7713,0.083,1,0
3779,6,5.0,1,17.4,0,0,0,6921,0.202,1,1
2075,2,1.2,1,16.1,0,377,554,2237,0.088,2,0
